{
    "loss": 5.674315929412842,
    "accuracy": 0.02500000037252903
}